date,symbol,open,high,low,close,volume,adjusted,divd,split,source,recordDate
2021-04-12,MCD,231.48,232.38,230.49,230.96,2292729.0,225.9228,0.0,1.0,eodhistoricaldata_yahoo,2022-04-11 10:18:30
2021-04-13,MCD,230.44,231.6626,229.69,231.32,2571032.0,226.2749,0.0,1.0,eodhistoricaldata_yahoo,2022-04-11 10:18:30
2021-04-14,MCD,231.22,231.29,229.59,230.31,2129184.0,225.2869,0.0,1.0,eodhistoricaldata_yahoo,2022-04-11 10:18:30
2021-04-15,MCD,229.81,231.3599,229.2,231.28,2063107.0,226.2358,0.0,1.0,eodhistoricaldata_yahoo,2022-04-11 10:18:30
2021-04-16,MCD,233.65,234.26,232.31,233.08,2694295.0,227.9965,0.0,1.0,eodhistoricaldata_yahoo,2022-04-11 10:18:30
2021-04-19,MCD,233.12,233.295,230.83,231.81,2254849.0,226.7542,0.0,1.0,eodhistoricaldata_yahoo,2022-04-11 10:18:30
2021-04-20,MCD,231.24,233.21,231.08,233.01,1885666.0,227.9281,0.0,1.0,eodhistoricaldata_yahoo,2022-04-11 10:18:30
2021-04-21,MCD,233.3,233.86,231.85,232.26,2065818.0,227.1944,0.0,1.0,eodhistoricaldata_yahoo,2022-04-11 10:18:30
2021-04-22,MCD,232.83,234.04,231.94,232.96,1839671.0,227.8791,0.0,1.0,eodhistoricaldata_yahoo,2022-04-11 10:18:30
2021-04-23,MCD,233.79,235.24,233.1,234.58,2137862.0,229.4638,0.0,1.0,eodhistoricaldata_yahoo,2022-04-11 10:18:30
2021-04-26,MCD,234.78,235.35,231.91,232.31,2490387.0,227.2433,0.0,1.0,eodhistoricaldata_yahoo,2022-04-11 10:18:30
2021-04-27,MCD,232.57,235.63,232.408,234.98,2623876.0,229.8551,0.0,1.0,eodhistoricaldata_yahoo,2022-04-11 10:18:30
2021-04-28,MCD,235.2,235.45,232.26,232.41,2776969.0,227.3411,0.0,1.0,eodhistoricaldata_yahoo,2022-04-11 10:18:30
2021-04-29,MCD,233.99,235.8,232.62,235.21,3146671.0,230.0801,0.0,1.0,eodhistoricaldata_yahoo,2022-04-11 10:18:30
2021-04-30,MCD,234.0,236.29,233.87,236.08,2640589.0,230.9311,0.0,1.0,eodhistoricaldata_yahoo,2022-04-11 10:18:30
2021-05-03,MCD,237.99,238.18,235.38,235.56,2458195.0,230.4224,0.0,1.0,eodhistoricaldata_yahoo,2022-04-11 10:18:30
2021-05-04,MCD,234.63,236.13,233.24,233.86,2529912.0,228.7595,0.0,1.0,eodhistoricaldata_yahoo,2022-04-11 10:18:30
2021-05-05,MCD,234.12,235.35,231.56,235.04,2069981.0,229.9138,0.0,1.0,eodhistoricaldata_yahoo,2022-04-11 10:18:30
2021-05-06,MCD,235.54,235.65,233.17,234.86,1832704.0,229.7377,0.0,1.0,eodhistoricaldata_yahoo,2022-04-11 10:18:30
2021-05-07,MCD,235.0,235.72,233.99,234.84,1406816.0,229.7181,0.0,1.0,eodhistoricaldata_yahoo,2022-04-11 10:18:30
2021-05-10,MCD,235.1,237.92,235.1,237.11,2031468.0,231.9386,0.0,1.0,eodhistoricaldata_yahoo,2022-04-11 10:18:30
2021-05-11,MCD,237.74,237.8,232.2,233.86,3028848.0,228.7595,0.0,1.0,eodhistoricaldata_yahoo,2022-04-11 10:18:30
2021-05-12,MCD,232.11,233.5716,227.57,227.94,3198197.0,222.9686,0.0,1.0,eodhistoricaldata_yahoo,2022-04-11 10:18:30
2021-05-13,MCD,228.0,231.076,227.88,229.77,2819534.0,224.7587,0.0,1.0,eodhistoricaldata_yahoo,2022-04-11 10:18:30
2021-05-14,MCD,230.71,232.64,230.47,231.72,1943122.0,226.6662,0.0,1.0,eodhistoricaldata_yahoo,2022-04-11 10:18:30
2021-05-17,MCD,230.81,232.3,230.25,231.68,1630842.0,226.6271,0.0,1.0,eodhistoricaldata_yahoo,2022-04-11 10:18:30
2021-05-18,MCD,231.89,233.25,231.65,231.93,2913221.0,226.8716,0.0,1.0,eodhistoricaldata_yahoo,2022-04-11 10:18:30
2021-05-19,MCD,230.23,230.62,228.18,230.15,2967215.0,225.1304,0.0,1.0,eodhistoricaldata_yahoo,2022-04-11 10:18:30
2021-05-20,MCD,230.72,234.02,230.56,232.18,1890474.0,227.1162,0.0,1.0,eodhistoricaldata_yahoo,2022-04-11 10:18:30
2021-05-21,MCD,232.42,233.4,230.31,231.24,2601267.0,226.1967,0.0,1.0,eodhistoricaldata_yahoo,2022-04-11 10:18:30
2021-05-24,MCD,231.52,232.65,231.02,231.91,1823438.0,226.852,0.0,1.0,eodhistoricaldata_yahoo,2022-04-11 10:18:30
2021-05-25,MCD,232.17,232.77,230.71,232.14,2682023.0,227.077,0.0,1.0,eodhistoricaldata_yahoo,2022-04-11 10:18:30
2021-05-26,MCD,233.79,233.79,232.16,232.35,1564344.0,227.2825,0.0,1.0,eodhistoricaldata_yahoo,2022-04-11 10:18:30
2021-05-27,MCD,233.01,235.08,232.4,234.86,5243094.0,229.7377,0.0,1.0,eodhistoricaldata_yahoo,2022-04-11 10:18:30
2021-05-28,MCD,234.13,234.41,232.45,233.89,2853674.0,230.0525,1.29,1.0,eodhistoricaldata_yahoo,2022-04-11 10:18:30
2021-06-01,MCD,235.98,235.99,232.74,233.24,2574575.0,229.4131,0.0,1.0,eodhistoricaldata_yahoo,2022-04-11 10:18:30
2021-06-02,MCD,233.97,234.33,232.81,233.78,3172033.0,229.9443,0.0,1.0,eodhistoricaldata_yahoo,2022-04-11 10:18:30
2021-06-03,MCD,232.57,232.76,230.15,232.45,3249444.0,228.6361,0.0,1.0,eodhistoricaldata_yahoo,2022-04-11 10:18:30
2021-06-04,MCD,233.44,233.8,232.07,233.38,1615437.0,229.5508,0.0,1.0,eodhistoricaldata_yahoo,2022-04-11 10:18:30
2021-06-07,MCD,234.0,234.07,231.16,231.69,1877063.0,227.8886,0.0,1.0,eodhistoricaldata_yahoo,2022-04-11 10:18:30
2021-06-08,MCD,231.5,233.98,231.34,232.64,2106462.0,228.823,0.0,1.0,eodhistoricaldata_yahoo,2022-04-11 10:18:30
2021-06-09,MCD,232.98,234.32,231.45,231.47,1982276.0,227.6722,0.0,1.0,eodhistoricaldata_yahoo,2022-04-11 10:18:30
2021-06-10,MCD,232.05,234.9,231.9301,234.59,2534059.0,230.741,0.0,1.0,eodhistoricaldata_yahoo,2022-04-11 10:18:30
2021-06-11,MCD,235.0,237.5,234.71,236.93,2654270.0,233.0426,0.0,1.0,eodhistoricaldata_yahoo,2022-04-11 10:18:30
2021-06-14,MCD,237.18,237.7699,234.8132,236.98,1836842.0,233.0918,0.0,1.0,eodhistoricaldata_yahoo,2022-04-11 10:18:30
2021-06-15,MCD,237.525,237.8099,235.66,236.35,1948582.0,232.4721,0.0,1.0,eodhistoricaldata_yahoo,2022-04-11 10:18:30
2021-06-16,MCD,237.21,237.28,233.78,235.58,2951814.0,231.7147,0.0,1.0,eodhistoricaldata_yahoo,2022-04-11 10:18:30
2021-06-17,MCD,235.08,236.27,233.28,233.88,1895716.0,230.0426,0.0,1.0,eodhistoricaldata_yahoo,2022-04-11 10:18:30
2021-06-18,MCD,231.47,232.89,228.82,229.62,4408221.0,225.8525,0.0,1.0,eodhistoricaldata_yahoo,2022-04-11 10:18:30
2021-06-21,MCD,230.63,233.225,229.47,232.9,2193090.0,229.0787,0.0,1.0,eodhistoricaldata_yahoo,2022-04-11 10:18:30
2021-06-22,MCD,233.49,234.86,232.43,233.88,1758423.0,230.0426,0.0,1.0,eodhistoricaldata_yahoo,2022-04-11 10:18:30
2021-06-23,MCD,233.3,234.45,232.7,233.24,1701512.0,229.4131,0.0,1.0,eodhistoricaldata_yahoo,2022-04-11 10:18:30
2021-06-24,MCD,234.1,235.1571,232.735,233.33,1840079.0,229.5016,0.0,1.0,eodhistoricaldata_yahoo,2022-04-11 10:18:30
2021-06-25,MCD,232.74,233.41,232.34,232.42,3000115.0,228.6066,0.0,1.0,eodhistoricaldata_yahoo,2022-04-11 10:18:30
2021-06-28,MCD,232.67,232.75,230.01,231.09,2902037.0,227.2984,0.0,1.0,eodhistoricaldata_yahoo,2022-04-11 10:18:30
2021-06-29,MCD,231.53,231.71,230.05,230.37,1932185.0,226.5902,0.0,1.0,eodhistoricaldata_yahoo,2022-04-11 10:18:30
2021-06-30,MCD,230.92,232.25,230.6,230.99,2450791.0,227.2,0.0,1.0,eodhistoricaldata_yahoo,2022-04-11 10:18:30
2021-07-01,MCD,231.41,232.3999,230.75,232.27,2210460.0,228.459,0.0,1.0,eodhistoricaldata_yahoo,2022-04-11 10:18:30
2021-07-02,MCD,233.08,234.11,232.44,233.63,1851575.0,229.7967,0.0,1.0,eodhistoricaldata_yahoo,2022-04-11 10:18:30
2021-07-06,MCD,233.66,233.9,231.0,232.75,1762707.0,228.9312,0.0,1.0,eodhistoricaldata_yahoo,2022-04-11 10:18:30
2021-07-07,MCD,231.92,234.99,231.72,234.63,2069409.0,230.7803,0.0,1.0,eodhistoricaldata_yahoo,2022-04-11 10:18:30
2021-07-08,MCD,232.95,233.83,231.94,232.84,1932661.0,229.0197,0.0,1.0,eodhistoricaldata_yahoo,2022-04-11 10:18:30
2021-07-09,MCD,234.07,236.23,233.06,235.68,2560714.0,231.8131,0.0,1.0,eodhistoricaldata_yahoo,2022-04-11 10:18:30
2021-07-12,MCD,234.59,236.24,234.5,235.61,2158655.0,231.7442,0.0,1.0,eodhistoricaldata_yahoo,2022-04-11 10:18:30
2021-07-13,MCD,235.66,237.47,235.195,236.17,1884568.0,232.295,0.0,1.0,eodhistoricaldata_yahoo,2022-04-11 10:18:30
2021-07-14,MCD,237.03,239.05,236.6401,237.13,1993375.0,233.2393,0.0,1.0,eodhistoricaldata_yahoo,2022-04-11 10:18:30
2021-07-15,MCD,236.59,237.39,234.92,236.88,2165952.0,232.9934,0.0,1.0,eodhistoricaldata_yahoo,2022-04-11 10:18:30
2021-07-16,MCD,237.79,237.88,234.38,234.75,1681193.0,230.8983,0.0,1.0,eodhistoricaldata_yahoo,2022-04-11 10:18:30
2021-07-19,MCD,232.51,233.315,226.42,229.26,3774949.0,225.4984,0.0,1.0,eodhistoricaldata_yahoo,2022-04-11 10:18:30
2021-07-20,MCD,230.65,235.52,230.2149,234.27,3275605.0,230.4262,0.0,1.0,eodhistoricaldata_yahoo,2022-04-11 10:18:30
2021-07-21,MCD,235.98,238.11,235.22,235.93,2147029.0,232.059,0.0,1.0,eodhistoricaldata_yahoo,2022-04-11 10:18:30
2021-07-22,MCD,235.65,239.685,235.16,238.67,2538299.0,234.754,0.0,1.0,eodhistoricaldata_yahoo,2022-04-11 10:18:30
2021-07-23,MCD,240.13,245.05,239.6,242.96,3996402.0,238.9736,0.0,1.0,eodhistoricaldata_yahoo,2022-04-11 10:18:30
2021-07-26,MCD,242.0,244.57,241.5953,243.98,2638431.0,239.9769,0.0,1.0,eodhistoricaldata_yahoo,2022-04-11 10:18:30
2021-07-27,MCD,244.17,247.05,244.06,246.35,3135186.0,242.308,0.0,1.0,eodhistoricaldata_yahoo,2022-04-11 10:18:30
2021-07-28,MCD,242.5,243.8,239.35,241.78,4948543.0,237.813,0.0,1.0,eodhistoricaldata_yahoo,2022-04-11 10:18:30
2021-07-29,MCD,243.32,245.2,242.9787,244.02,2572291.0,240.0163,0.0,1.0,eodhistoricaldata_yahoo,2022-04-11 10:18:30
2021-07-30,MCD,243.85,245.41,242.21,242.71,2336831.0,238.7277,0.0,1.0,eodhistoricaldata_yahoo,2022-04-11 10:18:30
2021-08-02,MCD,244.24,244.676,239.69,240.1,2693869.0,236.1606,0.0,1.0,eodhistoricaldata_yahoo,2022-04-11 10:18:30
2021-08-03,MCD,239.56,239.95,235.25,236.95,3300009.0,233.0623,0.0,1.0,eodhistoricaldata_yahoo,2022-04-11 10:18:30
2021-08-04,MCD,236.45,236.6,233.05,234.83,2240575.0,230.977,0.0,1.0,eodhistoricaldata_yahoo,2022-04-11 10:18:30
2021-08-05,MCD,235.74,236.8099,234.34,236.42,2230520.0,232.5409,0.0,1.0,eodhistoricaldata_yahoo,2022-04-11 10:18:30
2021-08-06,MCD,236.68,237.14,235.67,236.26,1558759.0,232.3836,0.0,1.0,eodhistoricaldata_yahoo,2022-04-11 10:18:30
2021-08-09,MCD,235.79,236.07,234.03,234.68,2093074.0,230.8295,0.0,1.0,eodhistoricaldata_yahoo,2022-04-11 10:18:30
2021-08-10,MCD,235.1,235.1,233.235,233.45,2027812.0,229.6197,0.0,1.0,eodhistoricaldata_yahoo,2022-04-11 10:18:30
2021-08-11,MCD,234.19,235.939,233.75,235.55,1969137.0,231.6852,0.0,1.0,eodhistoricaldata_yahoo,2022-04-11 10:18:30
2021-08-12,MCD,236.0,236.76,235.05,236.67,1491013.0,232.7868,0.0,1.0,eodhistoricaldata_yahoo,2022-04-11 10:18:30
2021-08-13,MCD,236.79,239.0,236.27,238.82,1699655.0,234.9016,0.0,1.0,eodhistoricaldata_yahoo,2022-04-11 10:18:30
2021-08-16,MCD,239.0,241.05,238.56,240.97,2175409.0,237.0163,0.0,1.0,eodhistoricaldata_yahoo,2022-04-11 10:18:30
2021-08-17,MCD,240.35,240.84,238.21,240.28,1651984.0,236.3376,0.0,1.0,eodhistoricaldata_yahoo,2022-04-11 10:18:30
2021-08-18,MCD,239.44,239.76,237.78,238.08,2215750.0,234.1737,0.0,1.0,eodhistoricaldata_yahoo,2022-04-11 10:18:30
2021-08-19,MCD,236.68,238.12,236.065,237.23,1455420.0,233.3377,0.0,1.0,eodhistoricaldata_yahoo,2022-04-11 10:18:30
2021-08-20,MCD,236.96,239.39,236.32,238.49,1989849.0,234.577,0.0,1.0,eodhistoricaldata_yahoo,2022-04-11 10:18:30
2021-08-23,MCD,239.46,240.07,237.9875,239.66,2086876.0,235.7278,0.0,1.0,eodhistoricaldata_yahoo,2022-04-11 10:18:30
2021-08-24,MCD,240.39,240.39,238.32,238.43,1687672.0,234.518,0.0,1.0,eodhistoricaldata_yahoo,2022-04-11 10:18:30
2021-08-25,MCD,237.93,239.6,237.84,238.83,1668152.0,234.9114,0.0,1.0,eodhistoricaldata_yahoo,2022-04-11 10:18:30
2021-08-26,MCD,238.79,238.915,235.92,236.95,2008052.0,233.0623,0.0,1.0,eodhistoricaldata_yahoo,2022-04-11 10:18:30
2021-08-27,MCD,237.43,238.369,236.3735,237.48,1784024.0,233.5836,0.0,1.0,eodhistoricaldata_yahoo,2022-04-11 10:18:30
2021-08-30,MCD,237.34,237.76,235.855,236.59,2245565.0,232.7082,0.0,1.0,eodhistoricaldata_yahoo,2022-04-11 10:18:30
2021-08-31,MCD,235.75,237.73,234.67,237.46,2938351.0,234.8444,1.29,1.0,eodhistoricaldata_yahoo,2022-04-11 10:18:30
2021-09-01,MCD,237.88,239.04,237.21,238.15,2197240.0,235.5268,0.0,1.0,eodhistoricaldata_yahoo,2022-04-11 10:18:30
2021-09-02,MCD,239.2,239.95,238.38,239.87,2140253.0,237.2278,0.0,1.0,eodhistoricaldata_yahoo,2022-04-11 10:18:30
2021-09-03,MCD,238.39,239.65,237.51,238.82,1339289.0,236.1894,0.0,1.0,eodhistoricaldata_yahoo,2022-04-11 10:18:30
2021-09-07,MCD,238.61,238.61,235.95,236.19,1820118.0,233.5884,0.0,1.0,eodhistoricaldata_yahoo,2022-04-11 10:18:30
2021-09-08,MCD,236.8,239.46,236.0,238.62,2718376.0,235.9916,0.0,1.0,eodhistoricaldata_yahoo,2022-04-11 10:18:30
2021-09-09,MCD,238.42,241.43,237.77,238.61,2992467.0,235.9817,0.0,1.0,eodhistoricaldata_yahoo,2022-04-11 10:18:30
2021-09-10,MCD,240.32,241.32,239.04,239.18,2035199.0,236.5454,0.0,1.0,eodhistoricaldata_yahoo,2022-04-11 10:18:30
2021-09-13,MCD,240.83,241.8,239.84,241.21,2294796.0,238.5531,0.0,1.0,eodhistoricaldata_yahoo,2022-04-11 10:18:30
2021-09-14,MCD,241.73,242.25,239.5,241.13,2013793.0,238.4739,0.0,1.0,eodhistoricaldata_yahoo,2022-04-11 10:18:30
2021-09-15,MCD,240.47,241.27,238.18,240.98,2507196.0,238.3256,0.0,1.0,eodhistoricaldata_yahoo,2022-04-11 10:18:30
2021-09-16,MCD,240.29,243.59,239.95,243.21,3410681.0,240.531,0.0,1.0,eodhistoricaldata_yahoo,2022-04-11 10:18:30
2021-09-17,MCD,243.84,244.63,241.88,242.49,4756852.0,239.819,0.0,1.0,eodhistoricaldata_yahoo,2022-04-11 10:18:30
2021-09-20,MCD,239.88,241.96,236.64,239.09,4549932.0,236.4564,0.0,1.0,eodhistoricaldata_yahoo,2022-04-11 10:18:30
2021-09-21,MCD,240.0,242.35,239.4,240.5,2008293.0,237.8509,0.0,1.0,eodhistoricaldata_yahoo,2022-04-11 10:18:30
2021-09-22,MCD,241.8,245.86,241.465,243.13,3361958.0,240.4519,0.0,1.0,eodhistoricaldata_yahoo,2022-04-11 10:18:30
2021-09-23,MCD,243.74,245.95,243.53,244.78,2941662.0,242.0837,0.0,1.0,eodhistoricaldata_yahoo,2022-04-11 10:18:30
2021-09-24,MCD,246.64,247.38,245.24,246.42,2508923.0,243.7057,0.0,1.0,eodhistoricaldata_yahoo,2022-04-11 10:18:30
2021-09-27,MCD,246.0,248.9,245.275,248.11,2463273.0,245.3771,0.0,1.0,eodhistoricaldata_yahoo,2022-04-11 10:18:30
2021-09-28,MCD,247.29,247.71,242.91,243.77,3007728.0,241.0849,0.0,1.0,eodhistoricaldata_yahoo,2022-04-11 10:18:30
2021-09-29,MCD,244.38,245.71,243.15,244.28,1719144.0,241.5892,0.0,1.0,eodhistoricaldata_yahoo,2022-04-11 10:18:30
2021-09-30,MCD,244.77,245.4208,240.82,241.11,3137256.0,238.4542,0.0,1.0,eodhistoricaldata_yahoo,2022-04-11 10:18:30
2021-10-01,MCD,243.07,244.69,240.25,242.93,2076087.0,240.2541,0.0,1.0,eodhistoricaldata_yahoo,2022-04-11 10:18:30
2021-10-04,MCD,242.06,244.81,241.86,243.08,2236513.0,240.4025,0.0,1.0,eodhistoricaldata_yahoo,2022-04-11 10:18:30
2021-10-05,MCD,243.97,246.88,243.01,245.22,2463265.0,242.5189,0.0,1.0,eodhistoricaldata_yahoo,2022-04-11 10:18:30
2021-10-06,MCD,244.56,247.16,243.02,247.1,2107922.0,244.3782,0.0,1.0,eodhistoricaldata_yahoo,2022-04-11 10:18:30
2021-10-07,MCD,248.0,249.95,247.68,248.32,2423878.0,245.5847,0.0,1.0,eodhistoricaldata_yahoo,2022-04-11 10:18:30
2021-10-08,MCD,249.25,249.63,247.11,247.7,1687649.0,244.9716,0.0,1.0,eodhistoricaldata_yahoo,2022-04-11 10:18:30
2021-10-11,MCD,248.1,249.14,246.45,246.58,1503978.0,243.8639,0.0,1.0,eodhistoricaldata_yahoo,2022-04-11 10:18:30
2021-10-12,MCD,247.73,248.6,244.175,244.52,2346972.0,241.8266,0.0,1.0,eodhistoricaldata_yahoo,2022-04-11 10:18:30
2021-10-13,MCD,243.27,243.872,239.9,242.65,3214784.0,239.9772,0.0,1.0,eodhistoricaldata_yahoo,2022-04-11 10:18:30
2021-10-14,MCD,242.88,245.42,242.04,244.55,2512501.0,241.8563,0.0,1.0,eodhistoricaldata_yahoo,2022-04-11 10:18:30
2021-10-15,MCD,245.24,246.38,241.99,242.25,2564768.0,239.5816,0.0,1.0,eodhistoricaldata_yahoo,2022-04-11 10:18:30
2021-10-18,MCD,242.42,243.45,241.13,242.26,2484874.0,239.5915,0.0,1.0,eodhistoricaldata_yahoo,2022-04-11 10:18:30
2021-10-19,MCD,243.22,243.93,241.53,242.77,2071598.0,240.0959,0.0,1.0,eodhistoricaldata_yahoo,2022-04-11 10:18:30
2021-10-20,MCD,240.4,242.645,239.285,239.72,3040188.0,237.0795,0.0,1.0,eodhistoricaldata_yahoo,2022-04-11 10:18:30
2021-10-21,MCD,240.17,241.9096,239.31,241.4,2702367.0,238.741,0.0,1.0,eodhistoricaldata_yahoo,2022-04-11 10:18:30
2021-10-22,MCD,240.71,242.24,238.0,238.44,3283657.0,235.8136,0.0,1.0,eodhistoricaldata_yahoo,2022-04-11 10:18:30
2021-10-25,MCD,239.23,239.25,236.5,237.34,3178536.0,234.7257,0.0,1.0,eodhistoricaldata_yahoo,2022-04-11 10:18:30
2021-10-26,MCD,237.47,238.4,236.14,236.42,3066386.0,233.8158,0.0,1.0,eodhistoricaldata_yahoo,2022-04-11 10:18:30
2021-10-27,MCD,241.05,244.62,238.85,242.73,5249422.0,240.0563,0.0,1.0,eodhistoricaldata_yahoo,2022-04-11 10:18:30
2021-10-28,MCD,243.4,246.08,242.53,245.5,3448483.0,242.7958,0.0,1.0,eodhistoricaldata_yahoo,2022-04-11 10:18:30
2021-10-29,MCD,243.0,246.09,242.47,245.55,4329465.0,242.8453,0.0,1.0,eodhistoricaldata_yahoo,2022-04-11 10:18:30
2021-11-01,MCD,245.8,251.69,245.34,250.58,4456549.0,247.8198,0.0,1.0,eodhistoricaldata_yahoo,2022-04-11 10:18:30
2021-11-02,MCD,251.76,252.22,248.1646,249.24,2624333.0,246.4946,0.0,1.0,eodhistoricaldata_yahoo,2022-04-11 10:18:30
2021-11-03,MCD,247.99,251.125,247.91,250.4,2399239.0,247.6418,0.0,1.0,eodhistoricaldata_yahoo,2022-04-11 10:18:30
2021-11-04,MCD,251.12,254.18,250.2,253.46,2711311.0,250.6681,0.0,1.0,eodhistoricaldata_yahoo,2022-04-11 10:18:30
2021-11-05,MCD,254.69,257.53,254.62,254.71,3224285.0,251.9044,0.0,1.0,eodhistoricaldata_yahoo,2022-04-11 10:18:30
2021-11-08,MCD,254.78,255.65,251.93,253.1,2471271.0,250.3121,0.0,1.0,eodhistoricaldata_yahoo,2022-04-11 10:18:30
2021-11-09,MCD,252.91,253.69,250.45,252.65,2258953.0,249.867,0.0,1.0,eodhistoricaldata_yahoo,2022-04-11 10:18:30
2021-11-10,MCD,250.81,253.72,250.81,253.13,1794531.0,250.3418,0.0,1.0,eodhistoricaldata_yahoo,2022-04-11 10:18:30
2021-11-11,MCD,253.33,253.33,249.26,250.16,1640596.0,247.4045,0.0,1.0,eodhistoricaldata_yahoo,2022-04-11 10:18:30
2021-11-12,MCD,250.15,251.01,248.89,250.67,1625338.0,247.9089,0.0,1.0,eodhistoricaldata_yahoo,2022-04-11 10:18:30
2021-11-15,MCD,250.67,253.76,250.67,252.94,1709216.0,250.1539,0.0,1.0,eodhistoricaldata_yahoo,2022-04-11 10:18:30
2021-11-16,MCD,253.5,254.19,252.38,252.46,2195461.0,249.6791,0.0,1.0,eodhistoricaldata_yahoo,2022-04-11 10:18:30
2021-11-17,MCD,252.41,253.335,250.52,252.69,1412025.0,249.9066,0.0,1.0,eodhistoricaldata_yahoo,2022-04-11 10:18:30
2021-11-18,MCD,253.16,253.49,251.08,253.48,1751189.0,250.6879,0.0,1.0,eodhistoricaldata_yahoo,2022-04-11 10:18:30
2021-11-19,MCD,253.29,253.32,250.225,251.95,2743402.0,249.1748,0.0,1.0,eodhistoricaldata_yahoo,2022-04-11 10:18:30
2021-11-22,MCD,252.67,255.45,252.21,253.48,2438758.0,250.6879,0.0,1.0,eodhistoricaldata_yahoo,2022-04-11 10:18:30
2021-11-23,MCD,254.81,255.79,253.05,255.65,2770596.0,252.834,0.0,1.0,eodhistoricaldata_yahoo,2022-04-11 10:18:30
2021-11-24,MCD,254.5,257.79,254.05,257.11,2642849.0,254.2779,0.0,1.0,eodhistoricaldata_yahoo,2022-04-11 10:18:30
2021-11-26,MCD,252.51,253.16,248.27,250.01,2573259.0,247.2561,0.0,1.0,eodhistoricaldata_yahoo,2022-04-11 10:18:30
2021-11-29,MCD,251.85,252.32,249.83,250.3,2084612.0,247.5429,0.0,1.0,eodhistoricaldata_yahoo,2022-04-11 10:18:30
2021-11-30,MCD,247.38,247.9,243.95,244.6,3836063.0,243.2468,1.38,1.0,eodhistoricaldata_yahoo,2022-04-11 10:18:30
2021-12-01,MCD,245.76,250.9,244.11,244.18,3275507.0,242.8292,0.0,1.0,eodhistoricaldata_yahoo,2022-04-11 10:18:30
2021-12-02,MCD,245.66,250.34,245.0,248.8,3290454.0,247.4236,0.0,1.0,eodhistoricaldata_yahoo,2022-04-11 10:18:30
2021-12-03,MCD,250.32,250.68,247.57,249.33,3229856.0,247.9507,0.0,1.0,eodhistoricaldata_yahoo,2022-04-11 10:18:30
2021-12-06,MCD,252.4,256.93,252.37,255.79,3616912.0,254.3749,0.0,1.0,eodhistoricaldata_yahoo,2022-04-11 10:18:30
2021-12-07,MCD,256.95,260.38,256.445,259.91,2596340.0,258.4721,0.0,1.0,eodhistoricaldata_yahoo,2022-04-11 10:18:30
2021-12-08,MCD,260.0,262.81,259.09,259.58,3453106.0,258.144,0.0,1.0,eodhistoricaldata_yahoo,2022-04-11 10:18:30
2021-12-09,MCD,259.5,263.1,258.36,262.34,2955143.0,260.8887,0.0,1.0,eodhistoricaldata_yahoo,2022-04-11 10:18:30
2021-12-10,MCD,263.88,265.27,262.43,264.97,2529819.0,263.5041,0.0,1.0,eodhistoricaldata_yahoo,2022-04-11 10:18:30
2021-12-13,MCD,264.22,265.86,262.4,263.09,2878831.0,261.6345,0.0,1.0,eodhistoricaldata_yahoo,2022-04-11 10:18:30
2021-12-14,MCD,263.0,263.59,261.75,262.52,3695552.0,261.0677,0.0,1.0,eodhistoricaldata_yahoo,2022-04-11 10:18:30
2021-12-15,MCD,262.16,265.67,261.41,264.52,2641814.0,263.0566,0.0,1.0,eodhistoricaldata_yahoo,2022-04-11 10:18:30
2021-12-16,MCD,265.56,266.89,264.09,265.55,2347749.0,264.0809,0.0,1.0,eodhistoricaldata_yahoo,2022-04-11 10:18:30
2021-12-17,MCD,264.0,264.85,260.88,261.7,5967187.0,260.2522,0.0,1.0,eodhistoricaldata_yahoo,2022-04-11 10:18:30
2021-12-20,MCD,259.63,261.96,258.43,261.73,2824534.0,260.2821,0.0,1.0,eodhistoricaldata_yahoo,2022-04-11 10:18:30
2021-12-21,MCD,264.29,266.48,263.42,264.39,2851827.0,262.9273,0.0,1.0,eodhistoricaldata_yahoo,2022-04-11 10:18:30
2021-12-22,MCD,264.32,265.44,264.07,264.94,1795157.0,263.4743,0.0,1.0,eodhistoricaldata_yahoo,2022-04-11 10:18:30
2021-12-23,MCD,265.92,267.37,265.45,265.95,1509875.0,264.4787,0.0,1.0,eodhistoricaldata_yahoo,2022-04-11 10:18:30
2021-12-27,MCD,266.47,268.26,266.0,268.24,1486007.0,266.7561,0.0,1.0,eodhistoricaldata_yahoo,2022-04-11 10:18:30
2021-12-28,MCD,267.58,269.22,267.25,267.88,1303973.0,266.398,0.0,1.0,eodhistoricaldata_yahoo,2022-04-11 10:18:30
2021-12-29,MCD,268.45,269.7198,267.95,268.49,1318828.0,267.0047,0.0,1.0,eodhistoricaldata_yahoo,2022-04-11 10:18:30
2021-12-30,MCD,269.0,269.255,266.7,267.21,1714555.0,265.7317,0.0,1.0,eodhistoricaldata_yahoo,2022-04-11 10:18:30
2021-12-31,MCD,268.0,269.12,267.21,268.07,1519162.0,266.587,0.0,1.0,eodhistoricaldata_yahoo,2022-04-11 10:18:30
2022-01-03,MCD,269.49,270.73,265.56,268.58,2750906.0,267.0942,0.0,1.0,eodhistoricaldata_yahoo,2022-04-11 10:18:30
2022-01-04,MCD,269.5,271.15,268.27,268.51,2506018.0,267.0246,0.0,1.0,eodhistoricaldata_yahoo,2022-04-11 10:18:30
2022-01-05,MCD,269.3,270.28,266.9,267.19,2473043.0,265.7119,0.0,1.0,eodhistoricaldata_yahoo,2022-04-11 10:18:30
2022-01-06,MCD,268.12,270.76,267.8,269.69,2908568.0,268.198,0.0,1.0,eodhistoricaldata_yahoo,2022-04-11 10:18:30
2022-01-07,MCD,268.56,270.17,267.0,267.06,2209088.0,265.5826,0.0,1.0,eodhistoricaldata_yahoo,2022-04-11 10:18:30
2022-01-10,MCD,266.715,266.72,262.01,264.41,3122526.0,262.9472,0.0,1.0,eodhistoricaldata_yahoo,2022-04-11 10:18:30
2022-01-11,MCD,263.49,263.95,260.32,262.12,3206162.0,260.6699,0.0,1.0,eodhistoricaldata_yahoo,2022-04-11 10:18:30
2022-01-12,MCD,263.37,263.95,260.28,260.92,3043954.0,259.4765,0.0,1.0,eodhistoricaldata_yahoo,2022-04-11 10:18:30
2022-01-13,MCD,261.41,263.85,260.5883,261.41,2371250.0,259.9638,0.0,1.0,eodhistoricaldata_yahoo,2022-04-11 10:18:30
2022-01-14,MCD,261.14,261.24,257.16,257.71,3460060.0,256.2843,0.0,1.0,eodhistoricaldata_yahoo,2022-04-11 10:18:30
2022-01-18,MCD,256.96,257.1,254.31,256.48,3076591.0,255.0611,0.0,1.0,eodhistoricaldata_yahoo,2022-04-11 10:18:30
2022-01-19,MCD,257.55,257.95,255.08,255.22,2304696.0,253.8081,0.0,1.0,eodhistoricaldata_yahoo,2022-04-11 10:18:30
2022-01-20,MCD,256.62,258.11,252.9,253.13,2602190.0,251.7296,0.0,1.0,eodhistoricaldata_yahoo,2022-04-11 10:18:30
2022-01-21,MCD,254.04,258.46,253.685,254.59,3738309.0,253.1816,0.0,1.0,eodhistoricaldata_yahoo,2022-04-11 10:18:30
2022-01-24,MCD,252.38,253.9176,247.775,253.61,5155195.0,252.207,0.0,1.0,eodhistoricaldata_yahoo,2022-04-11 10:18:30
2022-01-25,MCD,250.83,252.53,247.0701,250.68,3908580.0,249.2932,0.0,1.0,eodhistoricaldata_yahoo,2022-04-11 10:18:30
2022-01-26,MCD,253.0,254.21,247.86,249.85,3838994.0,248.4678,0.0,1.0,eodhistoricaldata_yahoo,2022-04-11 10:18:30
2022-01-27,MCD,249.6,252.464,245.25,248.74,5201054.0,247.3639,0.0,1.0,eodhistoricaldata_yahoo,2022-04-11 10:18:30
2022-01-28,MCD,250.0,256.3453,247.16,256.09,3833241.0,254.6733,0.0,1.0,eodhistoricaldata_yahoo,2022-04-11 10:18:30
2022-01-31,MCD,255.02,259.5,254.44,259.45,3174167.0,258.0147,0.0,1.0,eodhistoricaldata_yahoo,2022-04-11 10:18:30
2022-02-01,MCD,259.75,259.9,255.58,258.99,2496547.0,257.5572,0.0,1.0,eodhistoricaldata_yahoo,2022-04-11 10:18:30
2022-02-02,MCD,258.83,262.61,258.49,262.28,2371460.0,260.829,0.0,1.0,eodhistoricaldata_yahoo,2022-04-11 10:18:30
2022-02-03,MCD,262.0,262.8,260.07,260.64,2242396.0,259.1981,0.0,1.0,eodhistoricaldata_yahoo,2022-04-11 10:18:30
2022-02-04,MCD,259.87,261.73,257.79,260.06,1989682.0,258.6213,0.0,1.0,eodhistoricaldata_yahoo,2022-04-11 10:18:30
2022-02-07,MCD,261.0,261.58,259.17,259.85,1959336.0,258.4125,0.0,1.0,eodhistoricaldata_yahoo,2022-04-11 10:18:30
2022-02-08,MCD,260.5,262.38,259.1,260.08,2920071.0,258.6412,0.0,1.0,eodhistoricaldata_yahoo,2022-04-11 10:18:30
2022-02-09,MCD,261.99,262.88,259.41,259.86,2379345.0,258.4224,0.0,1.0,eodhistoricaldata_yahoo,2022-04-11 10:18:30
2022-02-10,MCD,258.595,260.44,255.965,256.87,3246762.0,255.449,0.0,1.0,eodhistoricaldata_yahoo,2022-04-11 10:18:30
2022-02-11,MCD,256.87,258.76,254.73,255.16,3592716.0,253.7484,0.0,1.0,eodhistoricaldata_yahoo,2022-04-11 10:18:30
2022-02-14,MCD,255.91,256.25,251.675,253.39,2825835.0,251.9882,0.0,1.0,eodhistoricaldata_yahoo,2022-04-11 10:18:30
2022-02-15,MCD,254.82,256.92,253.56,253.81,2171763.0,252.4059,0.0,1.0,eodhistoricaldata_yahoo,2022-04-11 10:18:30
2022-02-16,MCD,253.77,254.6,251.2,253.09,2941810.0,251.6899,0.0,1.0,eodhistoricaldata_yahoo,2022-04-11 10:18:30
2022-02-17,MCD,251.48,252.88,250.0,250.93,2831886.0,249.5418,0.0,1.0,eodhistoricaldata_yahoo,2022-04-11 10:18:30
2022-02-18,MCD,250.34,252.2891,250.01,250.6,2813521.0,249.2136,0.0,1.0,eodhistoricaldata_yahoo,2022-04-11 10:18:30
2022-02-22,MCD,250.01,254.7,249.6,252.7,3980514.0,251.302,0.0,1.0,eodhistoricaldata_yahoo,2022-04-11 10:18:30
2022-02-23,MCD,253.53,253.85,247.08,247.79,3497365.0,246.4192,0.0,1.0,eodhistoricaldata_yahoo,2022-04-11 10:18:30
2022-02-24,MCD,242.93,245.58,239.61,245.03,4856005.0,243.6745,0.0,1.0,eodhistoricaldata_yahoo,2022-04-11 10:18:30
2022-02-25,MCD,246.0,249.53,243.63,249.45,4549700.0,248.07,0.0,1.0,eodhistoricaldata_yahoo,2022-04-11 10:18:30
2022-02-28,MCD,244.44,245.72,242.36,244.77,4406100.0,244.77,1.38,1.0,eodhistoricaldata_yahoo,2022-04-11 10:18:30
2022-03-01,MCD,242.3,243.6,238.3,239.63,3910700.0,239.63,0.0,1.0,eodhistoricaldata_yahoo,2022-04-11 10:18:30
2022-03-02,MCD,240.85,242.74,239.61,240.94,4482000.0,240.94,0.0,1.0,eodhistoricaldata_yahoo,2022-04-11 10:18:30
2022-03-03,MCD,241.01,242.34,235.68,236.65,4707400.0,236.65,0.0,1.0,eodhistoricaldata_yahoo,2022-04-11 10:18:30
2022-03-04,MCD,234.62,236.39,231.64,235.81,4184100.0,235.81,0.0,1.0,eodhistoricaldata_yahoo,2022-04-11 10:18:30
2022-03-07,MCD,234.31,234.31,224.19,224.33,5425000.0,224.33,0.0,1.0,eodhistoricaldata_yahoo,2022-04-11 10:18:30
2022-03-08,MCD,224.33,229.74,222.2,222.79,5258800.0,222.79,0.0,1.0,eodhistoricaldata_yahoo,2022-04-11 10:18:30
2022-03-09,MCD,226.79,227.25,222.01,222.47,5630500.0,222.47,0.0,1.0,eodhistoricaldata_yahoo,2022-04-11 10:18:30
2022-03-10,MCD,220.2,222.05,217.68,222.0,5444900.0,222.0,0.0,1.0,eodhistoricaldata_yahoo,2022-04-11 10:18:30
2022-03-11,MCD,224.74,229.11,224.2,226.87,6125700.0,226.87,0.0,1.0,eodhistoricaldata_yahoo,2022-04-11 10:18:30
2022-03-14,MCD,226.78,228.44,223.16,226.18,4436100.0,226.18,0.0,1.0,eodhistoricaldata_yahoo,2022-04-11 10:18:30
2022-03-15,MCD,227.98,234.57,227.98,232.57,5087400.0,232.57,0.0,1.0,eodhistoricaldata_yahoo,2022-04-11 10:18:30
2022-03-16,MCD,234.87,238.21,234.36,238.14,4173200.0,238.14,0.0,1.0,eodhistoricaldata_yahoo,2022-04-11 10:18:30
2022-03-17,MCD,236.44,237.47,234.54,237.47,3752800.0,237.47,0.0,1.0,eodhistoricaldata_yahoo,2022-04-11 10:18:30
2022-03-18,MCD,237.23,239.19,235.99,238.92,5332600.0,238.92,0.0,1.0,eodhistoricaldata_yahoo,2022-04-11 10:18:30
2022-03-21,MCD,239.58,240.09,234.07,235.32,3704000.0,235.32,0.0,1.0,eodhistoricaldata_yahoo,2022-04-11 10:18:30
2022-03-22,MCD,237.04,238.44,236.47,238.12,2938100.0,238.12,0.0,1.0,eodhistoricaldata_yahoo,2022-04-11 10:18:30
2022-03-23,MCD,237.13,238.01,235.95,236.12,2200500.0,236.12,0.0,1.0,eodhistoricaldata_yahoo,2022-04-11 10:18:30
2022-03-24,MCD,237.56,241.04,236.47,240.26,2337500.0,240.26,0.0,1.0,eodhistoricaldata_yahoo,2022-04-11 10:18:30
2022-03-25,MCD,240.54,241.85,239.43,241.58,2134800.0,241.58,0.0,1.0,eodhistoricaldata_yahoo,2022-04-11 10:18:30
2022-03-28,MCD,241.91,242.95,239.86,242.94,2041800.0,242.94,0.0,1.0,eodhistoricaldata_yahoo,2022-04-11 10:18:30
2022-03-29,MCD,246.35,248.65,244.77,248.17,2657400.0,248.17,0.0,1.0,eodhistoricaldata_yahoo,2022-04-11 10:18:30
2022-03-30,MCD,247.51,250.5,247.51,249.03,2227300.0,249.03,0.0,1.0,eodhistoricaldata_yahoo,2022-04-11 10:18:30
2022-03-31,MCD,249.72,251.35,247.28,247.28,3803400.0,247.28,0.0,1.0,eodhistoricaldata_yahoo,2022-04-11 10:18:30
2022-04-01,MCD,248.12,249.43,246.18,249.25,2023000.0,249.25,0.0,1.0,eodhistoricaldata_yahoo,2022-04-11 10:18:30
2022-04-04,MCD,246.79,247.27,242.38,246.83,2500700.0,246.83,0.0,1.0,eodhistoricaldata_yahoo,2022-04-11 10:18:30
2022-04-05,MCD,246.1,249.74,245.43,248.51,2532500.0,248.51,0.0,1.0,eodhistoricaldata_yahoo,2022-04-11 10:18:30
2022-04-06,MCD,247.64,252.38,245.98,251.46,2886000.0,251.46,0.0,1.0,eodhistoricaldata_yahoo,2022-04-11 10:18:30
2022-04-07,MCD,250.79,255.48,249.54,254.36,4041800.0,254.36,0.0,1.0,eodhistoricaldata_yahoo,2022-04-11 10:18:30
2022-04-08,MCD,253.04,255.07,250.92,251.46,2551000.0,251.46,0.0,1.0,eodhistoricaldata_yahoo,2022-04-11 10:18:30
